"from","to"
"121363438","117134352"
"1243111286436696064","121363438"
"1096931041712001024","121363438"
"1226204904831750146","121363438"
"1036212083598098434","121363438"
"920338435369512960","121363438"
"861740912","121363438"
"3194905119","121363438"
"18781120","121363438"
"1800850879","121363438"
"261897154","121363438"
"88782825","121363438"
"621405753","121363438"
"61515189","121363438"
"64777298","121363438"
"27858863","121363438"
"1118781283696558080","121363438"
"803380827325399045","121363438"
"1635506514","121363438"
"1872291","121363438"
"3109404377","121363438"
"12537022","121363438"
"701783933436895232","121363438"
"1170342315044540416","121363438"
"998635301458317312","121363438"
"316622190","121363438"
"1167145117452570626","121363438"
"13960372","121363438"
"1141631844699557889","121363438"
"2838336587","121363438"
"1162640984724910081","121363438"
"1131785067368308736","121363438"
"935936747585851393","121363438"
"1139933794323062784","121363438"
"587445095","121363438"
"22848759","121363438"
"98662718","121363438"
"45092231","121363438"
"3091568762","121363438"
"7300642","121363438"
"989529571119828992","121363438"
"50780898","121363438"
"713164296604090368","121363438"
"53910816","121363438"
"924426975330160641","121363438"
"1095028756320829440","121363438"
"268977739","121363438"
"410200336","121363438"
"10965002","121363438"
"273513727","121363438"
"270466967","121363438"
"774246010616938497","121363438"
"840960221140914176","121363438"
"2250615246","121363438"
"442073149","121363438"
"1075675373218742272","121363438"
"1044242935036829697","121363438"
"89627885","121363438"
"1117730203","121363438"
"43831302","121363438"
"3111220324","121363438"
"19078746","121363438"
"27150431","121363438"
"885190436","121363438"
"192424439","121363438"
"17866878","121363438"
"1006542084415815688","121363438"
"870828949382852608","121363438"
"211237746","121363438"
"21094530","121363438"
"208600933","121363438"
"264451265","121363438"
"18643839","121363438"
"519480344","121363438"
"577283256","121363438"
"1040712501338546176","121363438"
"962773093","121363438"
"951765794156957696","121363438"
"934845488615927808","121363438"
"77755590","121363438"
"605856131","121363438"
"231795293","121363438"
"23654774","121363438"
"595944337","121363438"
"14860076","121363438"
"14727054","121363438"
"16024264","121363438"
"589305257","121363438"
"235262823","121363438"
"2288529516","121363438"
"2259019392","121363438"
"1133174126","121363438"
"232681569","121363438"
"1358726731","121363438"
"50922680","121363438"
"14331818","121363438"
"3707214743","121363438"
"980780282662932480","121363438"
"526335850","121363438"
"83715808","121363438"
"911935332110680065","121363438"
"1026864554578518017","117134352"
"1246203038760656896","1026864554578518017"
"3832212335","1026864554578518017"
"1243700248641449985","1026864554578518017"
"1207503587775000577","1026864554578518017"
"2951803648","1026864554578518017"
"2353993435","1026864554578518017"
"2779893862","1026864554578518017"
"1167290248918753281","1026864554578518017"
"1016590033","1026864554578518017"
"20841921","1026864554578518017"
"743164647696637952","1026864554578518017"
"3251029034","1026864554578518017"
"43466241","1026864554578518017"
"578817480","1026864554578518017"
"855520603666698241","1026864554578518017"
"364427764","117134352"
"186552155","364427764"
"460533144","117134352"
"28489621","460533144"
"4222782520","460533144"
"1030254900456955905","460533144"
"986276428709859328","460533144"
"867097226568499200","460533144"
"4759302914","460533144"
"4459200394","460533144"
"845246310622134273","460533144"
"187444230","460533144"
"4817927886","460533144"
"917017965660397568","460533144"
"702338414847328256","460533144"
"3149165193","460533144"
"14413704","460533144"
"1053202698","460533144"
"26234071","460533144"
"36931130","460533144"
"14122675","460533144"
"611801816","460533144"
"2175173689","460533144"
"1657914948","460533144"
"64773992","460533144"
"248343125","460533144"
"107776537","460533144"
"594690139","460533144"
"861829314","460533144"
"36137140","460533144"
"263372730","460533144"
"22082074","460533144"
"94286761","460533144"
"30741866","460533144"
"294962489","460533144"
"702205774232231936","117134352"
"1032334759006019584","702205774232231936"
"1180858155389075456","702205774232231936"
"759131927584571392","702205774232231936"
"1134251005497921537","702205774232231936"
"3013704366","702205774232231936"
"331772819","702205774232231936"
"777299156","702205774232231936"
"43922266","702205774232231936"
"970228406959816704","702205774232231936"
"771767851","702205774232231936"
"931642344","702205774232231936"
"752885959","702205774232231936"
"754707236505657345","702205774232231936"
"828037929343782912","702205774232231936"
"808755085044027392","702205774232231936"
"3300852192","702205774232231936"
"164081500","702205774232231936"
"2321117987","702205774232231936"
"855890720","702205774232231936"
"702048297775566848","702205774232231936"
"1324746890","702205774232231936"
"55253077","702205774232231936"
"842208254","702205774232231936"
"702205883661492224","702205774232231936"
"1058504051673972736","117134352"
"1248095012325396480","1058504051673972736"
"1248100085977800706","1058504051673972736"
"1204214668656549888","1058504051673972736"
"1247745465224851456","1058504051673972736"
"1247858287825039361","1058504051673972736"
"15052069","1058504051673972736"
"2411433569","1058504051673972736"
"1247958993785565185","1058504051673972736"
"1247694728247812097","1058504051673972736"
"467052316","1058504051673972736"
"1247902204674990081","1058504051673972736"
"981683776509104129","1058504051673972736"
"970496498","1058504051673972736"
"972242276591251456","1058504051673972736"
"1028722242782420992","1058504051673972736"
"1208742912974032896","1058504051673972736"
"3051213449","1058504051673972736"
"1115593150544863236","1058504051673972736"
"1051467709500858368","1058504051673972736"
"27856817","1058504051673972736"
"1060196492902887426","117134352"
"1059384056205459456","1060196492902887426"
"1214399117063012353","117134352"
"186552155","1214399117063012353"
"48754929","117134352"
"1028779344704032770","48754929"
"209558864","48754929"
"1105177760757174274","48754929"
"996157289026473985","48754929"
"1514064366","48754929"
"2772007830","48754929"
"1244200265621868545","48754929"
"2526137437","48754929"
"1231422766508888064","48754929"
"747584990343536640","48754929"
"875571222997680131","48754929"
"351100725","48754929"
"1211104677414068224","48754929"
"1240976550255878150","48754929"
"1108016678363754497","48754929"
"55220347","48754929"
"3197770658","48754929"
"1041380106407698433","48754929"
"264924050","48754929"
"1179194086533804034","48754929"
"888462978571526144","48754929"
"703288361","48754929"
"32189132","48754929"
"32582937","48754929"
"1058983999098572800","48754929"
"1209112138419245062","48754929"
"975572363331878918","48754929"
"176062872","48754929"
"1211029618032963584","48754929"
"880776567068258306","48754929"
"1088862056705593344","48754929"
"129009523","48754929"
"18127647","48754929"
"2220899227","48754929"
"1195266106543362048","48754929"
"943367608144879616","48754929"
"1200686737145630721","48754929"
"803012127816617984","48754929"
"2458919256","48754929"
"1210185422372065284","48754929"
"754509231315877889","48754929"
"1028382947605401600","48754929"
"1185837657135419392","48754929"
"37016783","48754929"
"774754859472093184","48754929"
"4161091709","48754929"
"1169934812334972928","48754929"
"1187885148278329344","48754929"
"864877729426145280","48754929"
"17477864","48754929"
"3128898925","48754929"
"275839688","48754929"
"29365520","48754929"
"298484783","48754929"
"787711278693384192","48754929"
"933326000682803200","48754929"
"125070671","48754929"
"243441153","48754929"
"35014029","48754929"
"718375439367028737","48754929"
"3526256423","48754929"
"1142110350411730945","48754929"
"1187492503701938177","48754929"
"328474134","48754929"
"798294109198815232","48754929"
"1153888523075772416","48754929"
"1185488853727109126","48754929"
"25926296","48754929"
"1182094873006166016","48754929"
"3192670523","48754929"
"3433187174","48754929"
"1180701291359588352","48754929"
"1163745558022053888","48754929"
"1132423819011002368","48754929"
"705798278441537537","48754929"
"4482329417","48754929"
"302881437","48754929"
"439309182","48754929"
"1172245021514510337","48754929"
"1156750363271151617","48754929"
"33953364","48754929"
"25974425","48754929"
"135191481","48754929"
"1688229715","48754929"
"382886484","48754929"
"1166106680226131968","48754929"
"919965874311782400","48754929"
"339351467","48754929"
"18353495","48754929"
"1160921756657487872","48754929"
"459269265","48754929"
"132664085","48754929"
"1135855052026011649","48754929"
"294079657","48754929"
"4510739237","48754929"
"780942158014676992","48754929"
"3270348456","48754929"
"1905006121","48754929"
"390993915","48754929"
"1154808566110310400","48754929"
"2850620829","117134352"
"16578293","2850620829"
"2312488179","2850620829"
"816959815104729089","2850620829"
"1714163233","2850620829"
"770248044549812226","2850620829"
"1611082718","2850620829"
"4920249353","2850620829"
"3019788363","2850620829"
"2498189648","2850620829"
"4002825025","2850620829"
"2999188603","2850620829"
"1885150135","2850620829"
"106160827","2850620829"
"232619790","2850620829"
"269495663","2850620829"
"3187916558","2850620829"
"2840640057","2850620829"
"205372626","2850620829"
"2864475693","2850620829"
"2897535501","2850620829"
"925588058","2850620829"
"14453256","2850620829"
"898955354","117134352"
"1247212985598255104","898955354"
"2758790962","898955354"
"752242136976875520","898955354"
"970687752051331072","898955354"
"970675788365357058","898955354"
"16489831","898955354"
"211619929","898955354"
"408077425","898955354"
"2231951923","898955354"
"36673130","898955354"
"807987309207572482","898955354"
"952719090","898955354"
"23806067","898955354"
"23663669","898955354"
"11302512","898955354"
"2379621944","898955354"
"778869643","898955354"
"22438342","898955354"
"335350088","898955354"
"2282568792","117134352"
"3152790479","2282568792"
"1141161198265802754","2282568792"
"2429503927","2282568792"
"1409164310","2282568792"
"979084385793269760","2282568792"
"2227407671","2282568792"
"708915184568389632","2282568792"
"822676530","2282568792"
"32387576","2282568792"
"293663200","2282568792"
"1244737442831360000","117134352"
"792816162522304512","1244737442831360000"
"1247415709233266689","1244737442831360000"
"1136764952398708736","1244737442831360000"
"955859569598783489","1244737442831360000"
"2279674758","117134352"
"1216182859695783936","2279674758"
"1181160007997542400","2279674758"
"467984025","2279674758"
"573899053","2279674758"
"3116072290","2279674758"
"33923443","2279674758"
"950787146947837953","2279674758"
"770406775531134976","2279674758"
"263594861","2279674758"
"10716882","2279674758"
"48630413","2279674758"
"819349624653836288","2279674758"
"2999455003","2279674758"
"216558300","2279674758"
"29924195","2279674758"
"52838099","2279674758"
"833071","2279674758"
"306071927","2279674758"
"1542946087","2279674758"
"511698255","2279674758"
"3059845187","2279674758"
"771729314790318081","2279674758"
"770410015735816192","2279674758"
"707919766409912321","2279674758"
"3033254033","2279674758"
"2957332738","2279674758"
"493524550","2279674758"
"1238499715","2279674758"
"969769322","2279674758"
"2515988714","2279674758"
"4697508644","2279674758"
"301645871","2279674758"
"203071766","2279674758"
"4515471555","2279674758"
"4496899773","2279674758"
"30090344","2279674758"
"4488651436","2279674758"
"244834557","2279674758"
"3573318134","2279674758"
"606163393","2279674758"
"90488969","2279674758"
"3600743539","2279674758"
"3409441371","2279674758"
"2948414656","2279674758"
"16943688","2279674758"
"28596349","2279674758"
"104541724","2279674758"
"843574609","2279674758"
"266851301","2279674758"
"2951575292","2279674758"
"1877855623","2279674758"
"2950739296","2279674758"
"3198758715","2279674758"
"2879831252","2279674758"
"437187302","2279674758"
"3453061","2279674758"
"526489131","2279674758"
"34816199","2279674758"
"2870210264","2279674758"
"27649741","2279674758"
"15939970","2279674758"
"1344892680","2279674758"
"566920946","2279674758"
"243987640","2279674758"
"323998361","2279674758"
"73835242","2279674758"
"91478624","2279674758"
"23136101","2279674758"
"961258536","2279674758"
"2532734413","2279674758"
"217125294","2279674758"
"96006812","2279674758"
"235473441","2279674758"
"2513020716","2279674758"
"14088984","2279674758"
"33612317","2279674758"
"264924050","2279674758"
"2455451817","2279674758"
"15368726","2279674758"
"1247876505696378886","117134352"
"186552155","1247876505696378886"
"318880589","117134352"
"95232489","318880589"
"969794420966117376","318880589"
"912743208907616256","318880589"
"867487926673952770","318880589"
"40851496","318880589"
"1063954354938540032","318880589"
"3050779904","318880589"
"526028204","318880589"
"260204041","318880589"
"760106155905462272","318880589"
"1167613624472481792","318880589"
"860229739595706368","318880589"
"1052251674507661312","318880589"
"3082644510","318880589"
"140961316","318880589"
"1117809081765568512","318880589"
"2315795336","318880589"
"1110916282608697345","318880589"
"1105213593044295680","318880589"
"51619931","318880589"
"1013845064198578176","318880589"
"21009432","318880589"
"1017921701324185600","318880589"
"36132890","318880589"
"200601478","318880589"
"1067587420659556353","318880589"
"3110921266","318880589"
"116275812","318880589"
"1047978378811383808","318880589"
"1266857316","318880589"
"388668609","318880589"
"831858523818569728","318880589"
"890019004202483712","318880589"
"2486268770","318880589"
"2680101002","318880589"
"1021760758839955457","318880589"
"1004789114397437953","318880589"
"872302254","318880589"
"1034474248058875904","318880589"
"66428357","318880589"
"403053327","318880589"
"1029729263375867906","318880589"
"58670221","318880589"
"3426157317","318880589"
"1021776695555174400","318880589"
"1021574262971346944","318880589"
"3392299479","318880589"
"803837910","318880589"
"930447258771968000","318880589"
"315660306","318880589"
"170437043","318880589"
"261961245","318880589"
"164068136","318880589"
"1461879277","318880589"
"965639249134587905","318880589"
"963811641602330624","318880589"
"807623650493005824","318880589"
"771149241637072896","318880589"
"427599134","318880589"
"2449630076","318880589"
"947080020052332545","318880589"
"825013197606301696","318880589"
"2476352732","318880589"
"33221821","318880589"
"942074703262470146","318880589"
"816342428","318880589"
"1707428977","318880589"
"11586912","318880589"
"938440575803674624","318880589"
"910193997351591936","318880589"
"2610018072","318880589"
"903982071034601474","318880589"
"911298875843104769","318880589"
"2188785924","318880589"
"2156990487","318880589"
"865922338243702789","318880589"
"411915368","318880589"
"64242217","318880589"
"755876450415349760","318880589"
"14238795","318880589"
"1147052215","318880589"
"49715784","318880589"
"25596381","318880589"
"2587873423","318880589"
"847214027939958789","318880589"
"438538090","318880589"
"854507748494635008","318880589"
"849410754084253697","318880589"
"21153034","318880589"
"363387625","318880589"
"2887576569","318880589"
"182543291","318880589"
"4906545736","318880589"
"703596972","318880589"
"2301886909","318880589"
"1876804597","318880589"
"3348497063","318880589"
"803367538965049344","318880589"
"801740204642078721","318880589"
"2815645942","318880589"
"228121009","117134352"
"190226317","228121009"
"1006475892","228121009"
"2488710464","228121009"
"2955131928","228121009"
"14956673","228121009"
"900500445378080768","228121009"
"471222037","228121009"
"845802735349915648","228121009"
"727182434081476608","228121009"
"2543401441","228121009"
"783155657524424704","228121009"
"14051651","228121009"
"3680270541","228121009"
"256921101","228121009"
"2767930252","228121009"
"3222900459","228121009"
"1918035792","228121009"
"219854441","228121009"
"4283427629","228121009"
"4579049535","228121009"
"362074693","228121009"
"3033194164","228121009"
"425264868","228121009"
"2800844795","228121009"
"3927514277","228121009"
"3337538667","228121009"
"541252966","228121009"
"3372738693","228121009"
"3277837842","228121009"
"3298726318","228121009"
"16337229","228121009"
"53784171","228121009"
"235362301","228121009"
"430623761","228121009"
"829552003","228121009"
"234594578","228121009"
"1963665745","228121009"
"587948981","228121009"
"32507190","228121009"
"293238259","228121009"
"17027422","228121009"
"20351695","228121009"
"544257292","228121009"
"24770294","228121009"
"224461230","228121009"
"3230847110","228121009"
"21799361","228121009"
"3072069468","228121009"
"268165294","228121009"
"126141468","228121009"
"2301206984","228121009"
"443044607","228121009"
"2914497968","228121009"
"44635408","228121009"
"1039899829","228121009"
"211018733","228121009"
"252347154","228121009"
"2534507325","228121009"
"123911133","228121009"
"843774050","228121009"
"33088779","228121009"
"2425472418","228121009"
"533418992","228121009"
"2243193224","228121009"
"18022775","228121009"
"44117894","228121009"
"280837358","228121009"
"2315373510","228121009"
"18190645","228121009"
"53438731","228121009"
"254765498","228121009"
"1969357388","228121009"
"908866382","228121009"
"1186679149","228121009"
"578461746","228121009"
"1551061850","228121009"
"31628150","228121009"
"1029105769","228121009"
"14119238","228121009"
"1372885826","228121009"
"23869651","228121009"
"1281753110","228121009"
"120938818","228121009"
"1244459726","228121009"
"769978164","228121009"
"17443235","228121009"
"108350710","228121009"
"323392265","228121009"
"1081160720","228121009"
"567426754","228121009"
"253806973","228121009"
"17845789","228121009"
"76235977","228121009"
"21682142","228121009"
"192808204","228121009"
"595257485","228121009"
"585834426","228121009"
"398821053","228121009"
"192906021","228121009"
"312916769","228121009"
"1093199856410263557","117134352"
"373562889","1093199856410263557"
"2193313138","117134352"
"1077549153654358016","2193313138"
"1599033438","2193313138"
"24178947","2193313138"
"3070018189","2193313138"
"921794102","2193313138"
"19872425","2193313138"
"363905372","2193313138"
"1837530540","2193313138"
"2276599748","2193313138"
"255753314","2193313138"
"409507580","2193313138"
"34025957","2193313138"
"1247603969775591430","117134352"
"2658490439","1247603969775591430"
"758873577726750723","1247603969775591430"
"38112636","1247603969775591430"
"2846805322","1247603969775591430"
"2849171145","1247603969775591430"
"1247604782568738817","117134352"
"1191367417831800835","1247604782568738817"
"363633544","1247604782568738817"
"4205554639","1247604782568738817"
"1245715656403795969","1247604782568738817"
"1242573765038485507","1247604782568738817"
"857291062905196544","1247604782568738817"
"1648334755","117134352"
"186552155","1648334755"
"22010160","117134352"
"95484854","22010160"
"31495468","22010160"
"24086643","22010160"
"22683719","22010160"
"16329606","22010160"
"17936026","22010160"
"31995674","22010160"
"30737683","22010160"
"70192101","22010160"
"3304541163","22010160"
"3128857773","22010160"
"769952667292487680","22010160"
"464041234","22010160"
"4032307401","22010160"
"1589198857","22010160"
"1184496192","22010160"
"3261504726","22010160"
"4785649582","22010160"
"15644036","22010160"
"16273144","22010160"
"14529488","22010160"
"2951588263","22010160"
"3226047682","22010160"
"3042816853","22010160"
"2161486208","22010160"
"14475123","22010160"
"563964420","22010160"
"41686538","22010160"
"2679241639","22010160"
"352456648","22010160"
"2605661833","22010160"
"378286452","22010160"
"2314331714","22010160"
"65135363","22010160"
"2393231924","22010160"
"2330574960","22010160"
"826116432","22010160"
"1004423912","22010160"
"842279588","22010160"
"210055356","22010160"
"1394855569","22010160"
"32883896","22010160"
"562343670","22010160"
"1305902599","22010160"
"764877817","22010160"
"749983788","22010160"
"961791258","22010160"
"756294644","22010160"
"7071082","22010160"
"632498802","22010160"
"494168220","22010160"
"826086782","22010160"
"53784171","22010160"
"58485484","22010160"
"194794484","22010160"
"496156627","22010160"
"253211814","22010160"
"486262352","22010160"
"478761150","22010160"
"280641513","22010160"
"289371015","22010160"
"442976205","22010160"
"436344470","22010160"
"399997117","22010160"
"284122396","22010160"
"61593373","22010160"
"204794034","22010160"
"158275681","22010160"
"140545451","22010160"
"238334284","22010160"
"275391587","22010160"
"59988172","22010160"
"356778216","22010160"
"259301697","22010160"
"227021236","22010160"
"72929980","22010160"
"207017244","22010160"
"186647320","22010160"
"19660320","22010160"
"37906613","22010160"
"282260836","22010160"
"106440085","22010160"
"52573429","22010160"
"238429666","22010160"
"210944595","22010160"
"23009811","22010160"
"17869267","22010160"
"14545835","22010160"
"227370973","22010160"
"159841686","22010160"
"210307240","22010160"
"79863052","22010160"
"47317066","22010160"
"125402283","22010160"
"20723858","22010160"
"14504419","22010160"
"84558589","22010160"
"71870728","22010160"
"27477315","22010160"
"41320218","22010160"
"1739027083","117134352"
"944647076633305089","1739027083"
"1211039081020284928","1739027083"
"2543971326","1739027083"
"15952508","1739027083"
"554648988","1739027083"
"2180319872","1739027083"
"44089700","1739027083"
"320785774","1739027083"
"1205260232","1739027083"
"3297868229","1739027083"
"318660811","1739027083"
"210754220","1739027083"
"438700912","1739027083"
"347431969","1739027083"
"1483695098","117134352"
"1212301299678502912","1483695098"
"16160435","1483695098"
"969267965622476802","1483695098"
"2483123690","1483695098"
"947706442005524480","1483695098"
"1198668531396759554","1483695098"
"1194051489473413126","1483695098"
"1170372369216692225","1483695098"
"615624436","1483695098"
"1152885182392938497","1483695098"
"1150368673804234752","1483695098"
"2480539682","1483695098"
"112585097","1483695098"
"61245497","1483695098"
"959759064358993920","1483695098"
"734206271814045696","1483695098"
"1088113052061523969","1483695098"
"1076130383215947777","1483695098"
"3016268951","1483695098"
"929375644273737729","1483695098"
"1024771560140414976","1483695098"
"989153558066073600","1483695098"
"1140187496","1483695098"
"855417223917314049","1483695098"
"33923443","1483695098"
"750413512036405249","1483695098"
"2196410016","1483695098"
"707019492883349504","1483695098"
"777548228724129792","1483695098"
"2883142569","1483695098"
"515832505","1483695098"
"731175598102581249","1483695098"
"33405111","1483695098"
"1449657769","1483695098"
"502205169","1483695098"
"3881131005","1483695098"
"1009269193","1483695098"
"4779513494","1483695098"
"40924174","1483695098"
"4822748975","1483695098"
"493207892","1483695098"
"2525073072","1483695098"
"2238538128","1483695098"
"835414310","1483695098"
"4419554553","1483695098"
"390122686","1483695098"
"613938209","1483695098"
"16027664","1483695098"
"2910167592","1483695098"
"531552455","1483695098"
"294305930","1483695098"
"19792141","1483695098"
"82397914","1483695098"
"3556507215","1483695098"
"626569681","1483695098"
"1495618219","1483695098"
"14786043","1483695098"
"3496388359","1483695098"
"2800985791","1483695098"
"3577430420","1483695098"
"1313927983","1483695098"
"3234479171","1483695098"
"2925411211","1483695098"
"2288921910","1483695098"
"2369232732","1483695098"
"1325534292","1483695098"
"1523340618","1483695098"
"30784744","1483695098"
"18944156","1483695098"
"2375633923","1483695098"
"243797988","1483695098"
"3271289538","1483695098"
"583019528","1483695098"
"133405779","1483695098"
"3172768040","1483695098"
"3146648484","1483695098"
"243352431","1483695098"
"13084122","1483695098"
"34600717","1483695098"
"116042895","1483695098"
"1576751358","1483695098"
"930234140","1483695098"
"1875933242","1483695098"
"15572691","1483695098"
"3219912979","1483695098"
"303803203","1483695098"
"17303519","1483695098"
"273543468","1483695098"
"3241977448","1483695098"
"3164342184","1483695098"
"32509418","1483695098"
"15089533","1483695098"
"22706607","1483695098"
"37401463","1483695098"
"18572816","1483695098"
"20458841","1483695098"
"14679643","1483695098"
"3162968552","1483695098"
"3168252098","1483695098"
"469723165","1483695098"
"860911694947770368","117134352"
"1189548952305065984","860911694947770368"
"331355342","860911694947770368"
"1179688298949857280","860911694947770368"
"1094714292","860911694947770368"
"66557335","860911694947770368"
"1127280703220137984","860911694947770368"
"3235919127","860911694947770368"
"723019560","860911694947770368"
"883438439017963520","860911694947770368"
"890568801594613764","860911694947770368"
"996543428468015104","860911694947770368"
"26273748","860911694947770368"
"869427400433684480","860911694947770368"
"2777905342","860911694947770368"
"806636998580649985","860911694947770368"
"870337192081498112","860911694947770368"
"3314932297","860911694947770368"
"19948215","860911694947770368"
"39620691","860911694947770368"
"873983551359864833","860911694947770368"
"872204136208576513","860911694947770368"
"847467862063144960","860911694947770368"
"838545054289571840","860911694947770368"
"838631161660325889","860911694947770368"
"2580133878","860911694947770368"
"1480407972","860911694947770368"
"318641518","860911694947770368"
"47759926","117134352"
"1011324900680888320","47759926"
"1243148334010957824","47759926"
"1245050490699657216","47759926"
"1235877867373944837","47759926"
"1243955640449581056","47759926"
"1244086393648939017","47759926"
"1043014538247909376","47759926"
"1192093230357200897","47759926"
"1219940766409207809","47759926"
"1241657475646074881","47759926"
"839675709878493185","47759926"
"2197785830","47759926"
"2391714778","47759926"
"76614821","47759926"
"288567638","47759926"
"999024267034550272","47759926"
"1190634357591085057","47759926"
"1238739424956936192","47759926"
"251974859","47759926"
"48492403","47759926"
"1053301977642348544","47759926"
"1067542621021749248","47759926"
"1236540204653203456","47759926"
"911298148592640000","47759926"
"1229854521511366656","47759926"
"1114762238194212864","47759926"
"816410400786972672","47759926"
"1224616382798749697","47759926"
"1093928729565380608","47759926"
"853304397933277189","47759926"
"2558625332","47759926"
"1224291007073792000","47759926"
"196141784","47759926"
"1592339604","47759926"
"1212453496974278656","47759926"
"1155142001664385024","47759926"
"2401130672","47759926"
"528100006","47759926"
"48151976","47759926"
"719150257444102144","47759926"
"1154740420120862721","47759926"
"1951300639","47759926"
"1224013420065890307","47759926"
"1223738309869961217","47759926"
"842885413677150208","47759926"
"2994645306","47759926"
"1216425238814240769","47759926"
"2407289235","47759926"
"3276821328","47759926"
"1221110835420061697","47759926"
"487569809","47759926"
"1211146224369192960","47759926"
"1176276320088670213","47759926"
"985209912","47759926"
"990580236617158657","47759926"
"709997209916456961","47759926"
"1485031272","47759926"
"2458212077","47759926"
"1040709847845613568","47759926"
"1194713320042979328","47759926"
"49651054","47759926"
"954369915070439427","47759926"
"429076223","47759926"
"1130246333477134337","47759926"
"2364004928","47759926"
"1189787403164246016","47759926"
"1209439459940417536","47759926"
"707016221464653826","47759926"
"1215290428179742726","47759926"
"957123123261923329","47759926"
"1213940445459316736","47759926"
"892134698213924865","47759926"
"468225974","47759926"
"1205925067789615108","47759926"
"922850439359533056","47759926"
"1037817774335303680","47759926"
"2561751806","47759926"
"17066229","47759926"
"900995846673649665","47759926"
"74513427","47759926"
"1132722067793731584","47759926"
"2762130522","47759926"
"1200456569890263041","47759926"
"1142458412418179075","47759926"
"1167423102457978882","47759926"
"1151780744097931264","47759926"
"1198306514483793920","47759926"
"956745558495920129","47759926"
"746975844","47759926"
"1211632763066912768","47759926"
"535915785","47759926"
"1198716910910812161","47759926"
"381494938","47759926"
"1208577282161479681","47759926"
"1209703957989384192","47759926"
"3397975132","47759926"
"3037232182","47759926"
"1119906086214144001","47759926"
"1187526922743504896","47759926"
"525503352","47759926"
"1057732123099103233","117134352"
"211171312","1057732123099103233"
"1225122853571452930","1057732123099103233"
"995727857870503936","1057732123099103233"
"2432819096","1057732123099103233"
"2573117793","1057732123099103233"
"2279553153","1057732123099103233"
"1111161117202698240","1057732123099103233"
"1092508913197563906","1057732123099103233"
"2745707827","1057732123099103233"
"1233742951676891137","117134352"
"186552155","1233742951676891137"
"368427265","117134352"
"186552155","368427265"
"39609205","117134352"
"1063740891557494784","39609205"
"2199831698","39609205"
"904379509776015360","39609205"
"1236991009936019457","39609205"
"3354071301","39609205"
"16740433","39609205"
"1156814316257107969","39609205"
"1234410496406716418","39609205"
"20810416","39609205"
"1141037056912740352","39609205"
"166796183","39609205"
"1500580566","39609205"
"634990472","39609205"
"1100824435551059968","39609205"
"93590235","39609205"
"1227746277213048832","39609205"
"1140092593792942080","39609205"
"1220399644980711430","39609205"
"1184046707572723712","39609205"
"258664809","39609205"
"1204073160221626369","39609205"
"2730264319","39609205"
"17223035","39609205"
"1146855546278031360","39609205"
"285602644","39609205"
"1149067549","39609205"
"17171142","39609205"
"1132024077726756865","39609205"
"601535938","39609205"
"3292948222","39609205"
"14238142","39609205"
"1160679380479348736","39609205"
"602100143","39609205"
"709296707067105280","39609205"
"28230113","39609205"
"1029963857664598017","39609205"
"164841740","39609205"
"1037636711289892866","39609205"
"1010315588181229568","39609205"
"846392368278523904","39609205"
"566886450","39609205"
"939032738744606720","39609205"
"2788015184","39609205"
"876373736370429953","39609205"
"228467200","39609205"
"3402962533","39609205"
"751841093344370688","39609205"
"2801879084","39609205"
"735013719520858112","39609205"
"835813962","39609205"
"725327421675855874","39609205"
"707909225356206080","39609205"
"3343508589","39609205"
"2915550886","39609205"
"3750009976","39609205"
"1041165824","39609205"
"4855087715","39609205"
"3183151548","39609205"
"2828141597","39609205"
"972826051","39609205"
"96518479","39609205"
"1537486375","39609205"
"733033778","39609205"
"529549682","39609205"
"3327172132","39609205"
"4171740922","39609205"
"4227244804","39609205"
"16881266","39609205"
"3751913774","39609205"
"2185070425","39609205"
"3748621453","39609205"
"3804383416","39609205"
"245898433","39609205"
"551601129","39609205"
"3262947212","39609205"
"2727062403","39609205"
"1900233782","39609205"
"266214389","39609205"
"1092092018","39609205"
"3313749245","39609205"
"2250833036","39609205"
"1687521222","39609205"
"35470627","39609205"
"2998685797","39609205"
"3033993535","39609205"
"1971441925","39609205"
"3071076431","39609205"
"3065052394","39609205"
"3065900260","39609205"
"1397754656","39609205"
"3010603434","39609205"
"60469989","39609205"
"2979967619","39609205"
"474398460","39609205"
"489061551","39609205"
"2395940738","39609205"
"2864678344","39609205"
"1558553310","39609205"
"2868121886","39609205"
"25946019","39609205"
"1240769086776315912","117134352"
"186552155","1240769086776315912"
"3133775429","117134352"
"1084524458","3133775429"
"873421228794499072","3133775429"
"1143332297963237376","3133775429"
"18535177","3133775429"
"783983406862458880","3133775429"
"835565620284502016","3133775429"
"790626212183994368","3133775429"
"1245917717355311106","3133775429"
"584834521","3133775429"
"1068935780117110785","3133775429"
"729724057340514305","3133775429"
"45774895","3133775429"
"824148562594451457","3133775429"
"1105554050911735812","3133775429"
"1095870919241814016","3133775429"
"1357237286","3133775429"
"1300856053","3133775429"
"1259731296","3133775429"
"1008584748837437440","3133775429"
"1266471026","3133775429"
"820702519244521473","3133775429"
"1044719054219554818","3133775429"
"758050879354175488","3133775429"
"44785696","3133775429"
"381229282","3133775429"
"1088218825642962944","3133775429"
"1203208709125681153","3133775429"
"829544498426425344","3133775429"
"957112964313579521","3133775429"
"4615361653","3133775429"
"1232105293204590592","3133775429"
"1243633624819183616","3133775429"
"1378288759","3133775429"
"873418778431807489","3133775429"
"2992517678","3133775429"
"1082467033206337536","3133775429"
"2553282626","3133775429"
"951102658038808577","3133775429"
"3256965511","3133775429"
"976670801469558784","3133775429"
"32728800","3133775429"
"1096075285412397057","3133775429"
"2362712023","3133775429"
"906120522739597312","3133775429"
"824321600078151686","3133775429"
"3477261972","3133775429"
"1197722774548160512","3133775429"
"1228391245321396224","3133775429"
"175042044","3133775429"
"1088911996727238658","3133775429"
"276687103","3133775429"
"949014038285037570","3133775429"
"1027735971083640834","3133775429"
"765384381217267712","3133775429"
"4637301258","3133775429"
"877579574921445376","3133775429"
"1235604069219098624","3133775429"
"46269965","3133775429"
"981717419675803648","3133775429"
"1188472036735291392","3133775429"
"796519894032457729","3133775429"
"775107006797668352","3133775429"
"1121439996337111041","3133775429"
"4875360599","3133775429"
"2753570920","3133775429"
"978486366","3133775429"
"965015135713599488","3133775429"
"1080211893527240704","3133775429"
"267619438","3133775429"
"248093041","3133775429"
"69740067","3133775429"
"823303230561992704","3133775429"
"43552637","3133775429"
"352627276","3133775429"
"14625885","3133775429"
"1243927785506312192","3133775429"
"857332702047068161","3133775429"
"1078016105065734144","3133775429"
"319234105","3133775429"
"349870877","3133775429"
"1121552057910087680","3133775429"
"1064456491510444033","3133775429"
"801827298177650689","3133775429"
"1243884333200334853","3133775429"
"3266364488","3133775429"
"152749620","3133775429"
"26751243","3133775429"
"3196896156","3133775429"
"2401828790","3133775429"
"740235593226047488","3133775429"
"1054623511","3133775429"
"783709324270907392","3133775429"
"511276951","3133775429"
"1163493107175845893","3133775429"
"1120744567773585408","3133775429"
"379143820","3133775429"
"1135897132194549761","3133775429"
"828851065164558337","3133775429"
"1056714667718930432","3133775429"
"2571519559","3133775429"
"1172105191","117134352"
"773212631150759936","1172105191"
"239530556","1172105191"
"31351603","1172105191"
"905544419679588352","1172105191"
"1909715948","1172105191"
"1206739272604299264","1172105191"
"1167162399121715200","1172105191"
"95920806","1172105191"
"1370484355","1172105191"
"3362055148","1172105191"
"3750207563","1172105191"
"37410409","1172105191"
"43965013","1172105191"
"471503598","1172105191"
"1149709227117752321","1172105191"
"59261528","1172105191"
"49204358","1172105191"
"447365206","1172105191"
"3379608347","1172105191"
"1244307937276964864","1172105191"
"997987032990396418","1172105191"
"21158863","1172105191"
"360745863","1172105191"
"1163513120624730119","1172105191"
"1195835201064181760","1172105191"
"2735558128","1172105191"
"1242955786080391170","1172105191"
"2770263561","1172105191"
"2740843325","1172105191"
"1130053038","1172105191"
"986311156313853952","1172105191"
"755895826107527168","1172105191"
"730790896980111360","1172105191"
"845700421","1172105191"
"1206212007374004230","1172105191"
"413980679","1172105191"
"807187","1172105191"
"363459563","1172105191"
"41190912","1172105191"
"26120916","1172105191"
"1069640296286380042","1172105191"
"1145883455831662592","1172105191"
"950543161465753600","1172105191"
"1039332992802598912","1172105191"
"1176977301449433088","1172105191"
"18300829","1172105191"
"2465354935","1172105191"
"901052675806068738","1172105191"
"766314164876931072","1172105191"
"3030318362","1172105191"
"16214005","1172105191"
"2695932523","1172105191"
"830593660437819392","1172105191"
"830954768172466176","1172105191"
"398242013","1172105191"
"2469672883","1172105191"
"885862159955234817","1172105191"
"702338414847328256","1172105191"
"1186672505165144064","1172105191"
"1222196082509217793","1172105191"
"4865604839","1172105191"
"467813877","1172105191"
"987334246661591041","1172105191"
"1233124643973861376","1172105191"
"1238480387258662912","1172105191"
"64729812","1172105191"
"2466644118","1172105191"
"3246648976","1172105191"
"914133008789237760","1172105191"
"825854578268717058","1172105191"
"33662428","1172105191"
"1222310832001966080","1172105191"
"3428871479","1172105191"
"50657555","1172105191"
"465037754","1172105191"
"2892258729","1172105191"
"21417101","1172105191"
"2215227532","1172105191"
"1238296194490695681","1172105191"
"946778299841306625","1172105191"
"818107749674446848","1172105191"
"832420784723353601","1172105191"
"717129624107360256","1172105191"
"1238259962750656513","1172105191"
"2712471149","1172105191"
"1014308374052261889","1172105191"
"513477604","1172105191"
"1217667592086806530","1172105191"
"4528122382","1172105191"
"812547685865652224","1172105191"
"905144479803473922","1172105191"
"2874433875","1172105191"
"766056095676788736","1172105191"
"46665319","1172105191"
"1155952629148786688","1172105191"
"816613036513513472","1172105191"
"1226581852145815552","1172105191"
"2661956853","1172105191"
"1228143572362432512","1172105191"
"75456889","1172105191"
"296038241","117134352"
"186552155","296038241"
"3546146363","117134352"
"1176473021130924032","3546146363"
"1018205034742534152","3546146363"
"4213302855","3546146363"
"930355016","3546146363"
"2244119750","3546146363"
"731744146327764992","3546146363"
"3538081102","3546146363"
"966492835775213568","117134352"
"186552155","966492835775213568"
"1243362501728833536","117134352"
"1244991692102610951","1243362501728833536"
"50029126","117134352"
"186552155","50029126"
"289959168","117134352"
"3722109315","289959168"
"331423093","289959168"
"1214748136943562752","289959168"
"1206695012702064642","289959168"
"1105807458864455680","289959168"
"1166718065087832069","289959168"
"1165698855247241217","289959168"
"1242108438387228672","289959168"
"89566513","289959168"
"749200706595385344","289959168"
"4862040201","289959168"
"1116108178670923776","289959168"
"2832479104","289959168"
"2494765259","289959168"
"1128124556420550658","289959168"
"377425889","289959168"
"1182352049264050178","289959168"
"2384204923","289959168"
"2570178294","289959168"
"30794658","289959168"
"1224309188047839233","289959168"
"2180417492","289959168"
"547977614","289959168"
"1173762841687576577","289959168"
"963498780","289959168"
"355711728","289959168"
"1233061550182801415","289959168"
"794217046808530944","289959168"
"33658889","289959168"
"414818069","289959168"
"1193358746765922304","289959168"
"3298590836","289959168"
"1089342200637476864","289959168"
"1207761015561216000","289959168"
"3029031586","289959168"
"831036475965841408","289959168"
"53940708","289959168"
"103972253","289959168"
"1968798150","289959168"
"1223306760594829312","289959168"
"2680040161","289959168"
"1220033228263784448","289959168"
"1187286306000396288","289959168"
"1196976861793914880","289959168"
"239507355","289959168"
"912923895111536640","289959168"
"2769814822","289959168"
"1085318377","289959168"
"756496914812588032","289959168"
"14443412","289959168"
"27493883","289959168"
"45004403","289959168"
"420843363","289959168"
"2204167104","289959168"
"704048454100762624","289959168"
"1006735199424507905","289959168"
"1078197960129667072","289959168"
"389455336","289959168"
"704872818018750464","289959168"
"2437320883","289959168"
"1095165105422032896","289959168"
"1189887709755498497","289959168"
"702545476491583488","289959168"
"23658214","289959168"
"3328509268","289959168"
"27193480","289959168"
"54550492","289959168"
"454427906","289959168"
"214129510","289959168"
"178555145","289959168"
"15422347","289959168"
"431671222","289959168"
"39603710","289959168"
"946424261396385793","289959168"
"231324491","289959168"
"1130530796345942016","289959168"
"1197664319791648768","289959168"
"4154300307","289959168"
"926295918743375873","289959168"
"66678481","289959168"
"1104453017787600896","289959168"
"32606404","289959168"
"2984607457","289959168"
"3146415684","289959168"
"80145901","289959168"
"3351306537","289959168"
"1191868393256898561","289959168"
"577433803","289959168"
"731924363704819712","289959168"
"456969032","289959168"
"964572383913922562","289959168"
"2470055959","289959168"
"750988553086197760","289959168"
"581123612","289959168"
"2797223817","289959168"
"69394700","289959168"
"981936465180536832","289959168"
"106037384","289959168"
"1883772991","289959168"
"906111132670328834","289959168"
"16790256","117134352"
"197996907","16790256"
"2325939686","16790256"
"1159248315764158464","16790256"
"2847548951","16790256"
"984485793321439238","16790256"
"393445324","16790256"
"2697193014","16790256"
"483502837","16790256"
"44691095","16790256"
"1245736030080094208","16790256"
"1242837271423913986","16790256"
"1238567285079437313","16790256"
"1243665524774572032","16790256"
"885311298","16790256"
"856606382","16790256"
"3266619146","16790256"
"1243979610431332352","16790256"
"18118081","16790256"
"49532166","16790256"
"1245512696767930368","16790256"
"1174110756536799232","16790256"
"8245192","16790256"
"223506587","16790256"
"2156422219","16790256"
"1050220604333338624","16790256"
"827893661203587075","16790256"
"263363585","16790256"
"1224865505430790145","16790256"
"862323678","16790256"
"15350736","16790256"
"47137378","16790256"
"1245067801984929793","16790256"
"1208515610767958017","16790256"
"1240266237168492546","16790256"
"41344876","16790256"
"872428563227566080","16790256"
"20780552","16790256"
"910334891019120641","16790256"
"15247865","16790256"
"1219833743847907328","16790256"
"1020580332016361472","16790256"
"540443021","16790256"
"1153275658291879936","16790256"
"1621078802","16790256"
"2879902763","16790256"
"164446621","16790256"
"1209510671043444741","16790256"
"83629805","16790256"
"1222628751336464384","16790256"
"41637147","16790256"
"1239286241931202561","16790256"
"46305708","16790256"
"1127268525125533696","16790256"
"721927162081755136","16790256"
"1203803452574449664","16790256"
"2906209465","16790256"
"1259271252","16790256"
"4182983120","16790256"
"52902571","16790256"
"82679791","16790256"
"1617646099","16790256"
"3137554905","16790256"
"277561227","16790256"
"78728132","16790256"
"831351051726966785","16790256"
"1240797499172032512","16790256"
"1358290958","16790256"
"832925174865358848","16790256"
"287434334","16790256"
"873496418","16790256"
"1240394371389947905","16790256"
"1240590343831261184","16790256"
"3206955077","16790256"
"71866215","16790256"
"810099225161793537","16790256"
"913112529592885251","16790256"
"411226086","16790256"
"124564690","16790256"
"258506075","16790256"
"539041151","16790256"
"892192950272356352","16790256"
"222199238","16790256"
"1239559116932157441","16790256"
"949153309469757440","16790256"
"51254851","16790256"
"977359963","16790256"
"787320689623650304","16790256"
"1109802386556702722","16790256"
"1195905155742326786","16790256"
"611401691","16790256"
"1029094268542099457","16790256"
"934493143059267584","16790256"
"1434399348","16790256"
"15821824","16790256"
"14274540","16790256"
"1217308004707655680","16790256"
"43999064","16790256"
"1199834937043628032","16790256"
"41353236","16790256"
"1237309020295376897","16790256"
"824289530010304513","117134352"
"186552155","824289530010304513"
"121523371","117134352"
"782024782946721793","121523371"
"264924050","121523371"
"1091296236395728898","121523371"
"115215289","121523371"
"1202755460983611392","121523371"
"889066117","121523371"
"1222568492764975105","121523371"
"14229561","121523371"
"228824243","121523371"
"996789323398819840","121523371"
"16408335","121523371"
"273576271","121523371"
"3064630738","121523371"
"3364139475","121523371"
"1135334666725199874","121523371"
"2566172081","121523371"
"999558963606810624","121523371"
"264831874","121523371"
"842811018875207683","121523371"
"1082674022909968384","121523371"
"989533319649021953","121523371"
"848366745572134912","121523371"
"997083935128543232","121523371"
"2903167352","121523371"
"341245249","121523371"
"197882138","121523371"
"25018223","121523371"
"970299997794291712","121523371"
"28111785","121523371"
"67807580","121523371"
"873701491286126592","121523371"
"2777905342","121523371"
"870684693800206336","121523371"
"72918140","121523371"
"771494919504556032","121523371"
"3173474146","121523371"
"819905085899739138","121523371"
"362074693","121523371"
"798163486467620868","121523371"
"25332227","121523371"
"3012907162","121523371"
"4928104546","121523371"
"703727328","121523371"
"433137670","121523371"
"528016337","121523371"
"4745584000","121523371"
"21625207","121523371"
"202143321","121523371"
"4566604638","121523371"
"4450898679","121523371"
"3759792496","121523371"
"314670527","121523371"
"3219860503","121523371"
"364599383","121523371"
"3354040497","121523371"
"34244644","121523371"
"549245201","121523371"
"2362902824","121523371"
"3031943236","121523371"
"3177301040","121523371"
"872809508","121523371"
"146716947","121523371"
"281196406","121523371"
"28739371","121523371"
"3070074563","121523371"
"3025895074","121523371"
"2868301013","121523371"
"37819367","121523371"
"2425055288","121523371"
"542854170","121523371"
"16015728","121523371"
"581091915","121523371"
"99430722","121523371"
"27028905","121523371"
"2713553753","121523371"
"1309660957","121523371"
"2537861880","121523371"
"37580085","121523371"
"40158756","121523371"
"2301599065","121523371"
"28029937","121523371"
"2373093846","121523371"
"2391817943","121523371"
"2366261655","121523371"
"2349148933","121523371"
"1389584096","121523371"
"637222105","121523371"
"302739422","121523371"
"21934470","121523371"
"141734286","121523371"
"134853221","121523371"
"384421261","121523371"
"19124453","121523371"
"19722073","121523371"
"1531483128","121523371"
"1323041640","121523371"
"93427193","121523371"
"16647484","121523371"
"21216996","121523371"
"64038194","121523371"
"598003313","117134352"
"186552155","598003313"
"3379502589","117134352"
"1136964949677416449","3379502589"
"842776278","3379502589"
"4165402395","3379502589"
"1247112120757555200","3379502589"
"612668123","3379502589"
"773983425099431936","3379502589"
"1146883446","3379502589"
"1221344377030602752","3379502589"
"129410888","3379502589"
"3222644473","3379502589"
"1064224872862281728","3379502589"
"273003477","3379502589"
"741027700563804160","3379502589"
"2266860289","3379502589"
"1238485588862480384","3379502589"
"774603055585263617","3379502589"
"1226915548296089600","3379502589"
"1514734500","3379502589"
"66115645","3379502589"
"1215432347300114433","3379502589"
"1170380608310337536","3379502589"
"1067857823600652289","3379502589"
"1263640681","3379502589"
"1189632115320774657","3379502589"
"1125521472951398402","3379502589"
"1191009745697693696","3379502589"
"1163702371576270850","3379502589"
"1186667679001796608","3379502589"
"933785485675257858","3379502589"
"1010911779826884608","3379502589"
"1092173916339142665","3379502589"
"1103763586831314950","3379502589"
"17455628","3379502589"
"1154098887096860672","3379502589"
"976978065359286278","3379502589"
"2469621009","3379502589"
"842423352102907904","3379502589"
"1163268017645654016","3379502589"
"1158531548767019009","3379502589"
"1223354202","3379502589"
"1071998977225179142","3379502589"
"920332075424628737","3379502589"
"1152204126031400960","3379502589"
"3549611297","3379502589"
"1151860299655536640","3379502589"
"1151249448632246272","3379502589"
"975793054996226049","3379502589"
"881865716990746624","3379502589"
"818937470293311488","3379502589"
"1113898265190256649","3379502589"
"1016095857475833856","3379502589"
"1150989536152948737","3379502589"
"1091317079289008128","3379502589"
"1121167277502521344","3379502589"
"1143356141767921664","3379502589"
"1148329132088012805","3379502589"
"1148986182707138561","3379502589"
"1335020676","3379502589"
"23692622","3379502589"
"2954160045","3379502589"
"789312606","3379502589"
"356737934","3379502589"
"1021564400","3379502589"
"1037360627424133120","3379502589"
"2724820803","3379502589"
"733346371873443840","3379502589"
"766935863162994688","3379502589"
"1136787392185229312","3379502589"
"880770837581660160","3379502589"
"789869959971270656","3379502589"
"546211857","3379502589"
"801237277","3379502589"
"853032564491157504","3379502589"
"956724813447516161","3379502589"
"4861497425","3379502589"
"1016051795620192257","3379502589"
"1143231245293219841","3379502589"
"1111486036524314624","3379502589"
"992170380","3379502589"
"1112332459763556352","3379502589"
"1284796717","3379502589"
"2867621529","3379502589"
"2238182665","3379502589"
"813457826903425029","3379502589"
"1100562814215864321","3379502589"
"232958050","3379502589"
"1100186946","3379502589"
"894175301839630336","3379502589"
"1069377887864856576","3379502589"
"901504806505914368","3379502589"
"851448600722898944","3379502589"
"915301053951873024","3379502589"
"503591870","3379502589"
"1095132214088609792","3379502589"
"947527395505872896","3379502589"
"891271134","3379502589"
"914299753264971777","3379502589"
"774394223563042816","3379502589"
"4891019569","3379502589"
"986243524613017601","3379502589"
"276480752","117134352"
"821182103807262720","276480752"
"3146616150","276480752"
"487046326","276480752"
"3541461253","276480752"
"3426854872","276480752"
"2813534959","276480752"
"2937668733","276480752"
"4627167323","117134352"
"1210439358458843136","4627167323"
"906131913240399873","4627167323"
"4097552536","4627167323"
"2217890399","4627167323"
"2202290157","4627167323"
"1688719322","4627167323"
"2238465786","4627167323"
"3818369615","4627167323"
"206563589","4627167323"
"64575960","117134352"
"1242928884624039942","64575960"
"4426679957","64575960"
"1016362708172726278","64575960"
"4656272179","64575960"
"1207037677381533696","64575960"
"968900476963041280","64575960"
"1139549156576563200","64575960"
"1686286051","64575960"
"1118300078127689728","64575960"
"199897327","64575960"
"810646292","64575960"
"1059550690723405824","64575960"
"4138089207","64575960"
"3435968176","64575960"
"4243902310","64575960"
"706184070611517440","64575960"
"1852253119","64575960"
"543025028","64575960"
"1030186267420573697","64575960"
"1537304821","64575960"
"2284258148","64575960"
"849598151229157376","64575960"
"199353377","64575960"
"913822042620858368","64575960"
"292349135","64575960"
"884915122078175234","64575960"
"779504871900844033","64575960"
"74879435","64575960"
"980521812","64575960"
"779874404721229824","64575960"
"2189275321","64575960"
"700534675702468608","64575960"
"775012998540734464","64575960"
"2804685936","64575960"
"260252858","64575960"
"323408157","64575960"
"703828003290161152","64575960"
"4429078888","64575960"
"4280940083","64575960"
"268605875","64575960"
"701622306","64575960"
"3237478307","64575960"
"183556885","64575960"
"1480759068","64575960"
"389797290","64575960"
"1319239495","64575960"
"247822934","64575960"
"444001291","64575960"
"133472549","64575960"
"2968148986","64575960"
"406554683","64575960"
"3330630153","64575960"
"309610363","64575960"
"314771353","64575960"
"1738609693","64575960"
"258497016","64575960"
"490873094","64575960"
"378975180","64575960"
"494426530","64575960"
"307456490","64575960"
"93547444","64575960"
"406699733","64575960"
"36377063","64575960"
"20890414","64575960"
"30981190","64575960"
"923677782407868417","117134352"
"1219393530717708291","923677782407868417"
"1223560031867719680","923677782407868417"
"1228302795427569664","923677782407868417"
"1183568015742459904","117134352"
"1241030554599993345","1183568015742459904"
"1169811130266673152","117134352"
"186552155","1169811130266673152"
"2416698062","117134352"
"3614306123","2416698062"
"480067828","2416698062"
"2789842633","2416698062"
"2581320188","2416698062"
"381572998","2416698062"
"391724419","117134352"
"186552155","391724419"
"1085302925533024256","117134352"
"186552155","1085302925533024256"
"1241568932596678656","117134352"
"186552155","1241568932596678656"
"956736871647924224","117134352"
"1247688461882142721","956736871647924224"
"234064708","956736871647924224"
"242537521","956736871647924224"
"1236709391459479552","956736871647924224"
"1233830224493764610","956736871647924224"
"1193744728640172033","956736871647924224"
"1229206788718854144","956736871647924224"
"797252972","956736871647924224"
"1944400862","956736871647924224"
"1178004687146176512","956736871647924224"
"780844317715771392","956736871647924224"
"780367579047223296","956736871647924224"
"1036598287418228741","956736871647924224"
"1200753709908668419","956736871647924224"
"2791666390","956736871647924224"
"898700549750743040","956736871647924224"
"351153807","956736871647924224"
"3075450303","956736871647924224"
"1141242609656115200","956736871647924224"
"1115730349210734592","956736871647924224"
"2363290530","956736871647924224"
"1049379998149144576","956736871647924224"
"916001434897993734","956736871647924224"
"494358069","956736871647924224"
"3111053451","956736871647924224"
"1026439112167960576","956736871647924224"
"1021155014457405440","956736871647924224"
"1005039976927715328","956736871647924224"
"1693499504","956736871647924224"
"2931251507","956736871647924224"
"737834913869635584","956736871647924224"
"873559128781844481","956736871647924224"
"3118338621","956736871647924224"
"2235082016","956736871647924224"
"807042645692452864","956736871647924224"
"804923987771813888","956736871647924224"
"148333237","956736871647924224"
"1162091664","956736871647924224"
"3014443294","956736871647924224"
"970428789804105729","956736871647924224"
"919947757","956736871647924224"
"517169619","956736871647924224"
"708903163","956736871647924224"
"24201405","956736871647924224"
"50774067","117134352"
"1245813061967110144","50774067"
"1898732497","50774067"
"1130539620700176385","50774067"
"497270752","50774067"
"1102767967702536193","50774067"
"2923976429","50774067"
"92293468","50774067"
"869779479027208192","50774067"
"977345668716130304","50774067"
"975978982641463296","50774067"
"771060968038273025","50774067"
"87118046","50774067"
"343334931","50774067"
"895795775921426433","50774067"
"3820778585","50774067"
"708052723057500160","50774067"
"3342818044","50774067"
"85877924","50774067"
"309414912","50774067"
"50448198","50774067"
"17212103","117134352"
"1228623724280041472","17212103"
"2919569707","17212103"
"759096361492951041","17212103"
"1075865638642597893","17212103"
"1183394282511765508","17212103"
"784519202250129408","17212103"
"107241302","17212103"
"16077139","17212103"
"735699996805189639","17212103"
"1019821223163789312","17212103"
"31085099","17212103"
"918134081698910209","17212103"
"15993931","17212103"
"1098989472354586624","17212103"
"1081659210738356224","17212103"
"84063406","17212103"
"1194401040897937408","17212103"
"1117877773421424646","17212103"
"1422229446","17212103"
"995850366502756353","17212103"
"751531831","17212103"
"50486683","17212103"
"834854144171180033","17212103"
"3013313608","17212103"
"1628640618","17212103"
"1197706301364719621","17212103"
"22147142","17212103"
"1114507585460129793","17212103"
"1184934283137302528","17212103"
"1112545880555569153","17212103"
"1209549458620313601","17212103"
"821883108635144193","17212103"
"1604123390","17212103"
"1124860852799246336","17212103"
"1196639337741520896","17212103"
"1220410478444367873","17212103"
"1117873619546324992","17212103"
"32957953","17212103"
"71379418","17212103"
"1204709030373003264","17212103"
"283854531","17212103"
"1090682603651383296","17212103"
"3898386723","17212103"
"1059269490440060928","17212103"
"1214594073362911233","17212103"
"1178714457188569093","17212103"
"64557109","17212103"
"3327184374","17212103"
"315380580","17212103"
"1196527228730785792","17212103"
"1192666637658398720","17212103"
"846470913386303488","17212103"
"1190296431849984000","17212103"
"18353495","17212103"
"1132113053560975360","17212103"
"1169628278979739648","17212103"
"1198216645778509826","17212103"
"1150790009789792257","17212103"
"1193534434907238401","17212103"
"1194952018726666246","17212103"
"1196052920527142912","17212103"
"1131121780486230017","17212103"
"243000271","17212103"
"975922979166187521","17212103"
"823982437688635392","17212103"
"4373152995","17212103"
"64198685","17212103"
"959460672013729793","17212103"
"7346672","17212103"
"1090877113","17212103"
"1161385138418098176","17212103"
"1120160440628256768","17212103"
"1147569950518861826","17212103"
"1125496117528018949","17212103"
"36196723","17212103"
"964760324867010560","17212103"
"58637007","17212103"
"1176227310397206529","17212103"
"1128075305762131969","17212103"
"1003097700118585344","17212103"
"1148955502967185409","17212103"
"284761580","17212103"
"41344763","17212103"
"1174088164685832193","17212103"
"18347007","17212103"
"1157848057310044160","17212103"
"780550219050029056","17212103"
"18771924","17212103"
"607622157","17212103"
"1168586355305320453","17212103"
"981696222","17212103"
"24218668","17212103"
"3527760555","17212103"
"2855615704","17212103"
"1132649254537826311","17212103"
"364860211","17212103"
"744256330739834880","17212103"
"1111628413092220934","17212103"
"254195953","17212103"
"1112342326406496257","17212103"
"2760413853","117134352"
"1237524699590078465","2760413853"
"257842996","2760413853"
"1070442142626209792","2760413853"
"251337624","2760413853"
"1027063913702195200","2760413853"
"1024638039514120192","2760413853"
"230635989","2760413853"
"924770044864643072","2760413853"
"941919689604780033","2760413853"
"887313387729952768","2760413853"
"740054910289465344","2760413853"
"380678680","2760413853"
"867131453380988928","2760413853"
"842792172038578176","2760413853"
"358820634","2760413853"
"829793575420514306","2760413853"
"2929434292","2760413853"
"2174836342","2760413853"
"173532553","2760413853"
"391165463","2760413853"
"1961298463","2760413853"
"744137622168141825","2760413853"
"759026468508794884","2760413853"
"752193758876274688","2760413853"
"1030496030","2760413853"
"191559807","2760413853"
"748375236073111552","2760413853"
"378204367","2760413853"
"1594203176","2760413853"
"4351681529","2760413853"
"4311599793","2760413853"
"3523537581","2760413853"
"3000725020","2760413853"
"3347994203","2760413853"
"504931413","2760413853"
"3128245648","2760413853"
"425439226","2760413853"
"2776762040","2760413853"
"747960451","2760413853"
"233379393","2760413853"
"904286114","2760413853"
"307732598","2760413853"
"2910017499","2760413853"
"598857027","2760413853"
"1027509438","2760413853"
"482441105","2760413853"
"273824158","2760413853"
"885711787","2760413853"
"297204201","2760413853"
"88303399","2760413853"
"527004904","2760413853"
"1071700345","2760413853"
"1020389089","2760413853"
"1411721262","2760413853"
"249795257","2760413853"
"325306290","2760413853"
"261832194","2760413853"
"419667109","2760413853"
"333604504","2760413853"
"372613060","2760413853"
"2450557889","2760413853"
"221247582","2760413853"
"790231256","2760413853"
"232272489","2760413853"
"93799331","2760413853"
"365424886","2760413853"
"245106820","2760413853"
"44759341","2760413853"
"271936815","2760413853"
"463193157","2760413853"
"268005680","2760413853"
"467823317","2760413853"
"429408688","2760413853"
"1246801042332884993","117134352"
"1138445487332306944","1246801042332884993"
"1445417424","1246801042332884993"
"848188794130051078","1246801042332884993"
"1246812267003482114","1246801042332884993"
"2383545884","1246801042332884993"
"926272450979131392","117134352"
"186552155","926272450979131392"
"1217198090756808713","117134352"
"186552155","1217198090756808713"
"2331311030","117134352"
"1218853597083045888","2331311030"
"566919537","2331311030"
"314168052","2331311030"
"438844805","2331311030"
"1334942670","2331311030"
"4882863197","2331311030"
"391674898","2331311030"
"1063609710274899968","2331311030"
"269624646","2331311030"
"4542412163","2331311030"
"420796416","2331311030"
"2199487425","2331311030"
"1241567431","2331311030"
"3227050989","2331311030"
"3181668147","2331311030"
"547306582","2331311030"
"232805860","2331311030"
"2782504627","2331311030"
"2244365515","2331311030"
"2977824893","2331311030"
"1612053642","2331311030"
"535066049","2331311030"
"2387829415","2331311030"
"2331456668","2331311030"
"2419802517","2331311030"
"2188151006","2331311030"
"1876907816","2331311030"
"2345958574","2331311030"
"17955316","2331311030"
"1550475415","2331311030"
"76032129","2331311030"
"369644495","117134352"
"1163216358366167041","369644495"
"1244975917555949569","369644495"
"1240193626442956802","369644495"
"1243924121123205120","369644495"
"1234212555649880068","369644495"
"1241467180312649729","369644495"
"1237763177787637761","369644495"
"175163085","369644495"
"1236271487381835776","369644495"
"1193516458397093888","369644495"
"4926730379","369644495"
"971429700","369644495"
"1219632074287652865","369644495"
"924803246","369644495"
"1310455885","369644495"
"1202577811564900352","369644495"
"1149508526819033090","369644495"
"1190328392324915201","369644495"
"4834112811","369644495"
"1198494037013082114","369644495"
"1162847161727500288","369644495"
"1198483555539664898","369644495"
"1198848627227033600","369644495"
"273912846","369644495"
"1188757815063699457","369644495"
"1169330976478105601","369644495"
"1172328455599312898","369644495"
"1167153935368499200","369644495"
"1160834866239496192","369644495"
"1164160880629731328","369644495"
"720948901260484608","369644495"
"1161120468046438401","369644495"
"1104349966225543169","369644495"
"1150410556375015424","369644495"
"1149296035698741249","369644495"
"1148336045014028299","369644495"
"3241141981","369644495"
"2574354901","369644495"
"862163076271013888","369644495"
"1046663406370074624","369644495"
"1119668667128647682","369644495"
"923612478671638528","369644495"
"1062996455760281600","369644495"
"1108530942858145793","369644495"
"46187772","369644495"
"724566882418851840","369644495"
"1044591338837159937","369644495"
"1110144540013404160","369644495"
"1107618760977010688","369644495"
"2447734473","369644495"
"1015573543248154624","369644495"
"1094627272139722753","369644495"
"1058416869449891840","369644495"
"3025428352","369644495"
"831090944330039297","369644495"
"1088743238767468544","369644495"
"1087775689556807680","369644495"
"1090874971482738688","369644495"
"1086562544435761152","369644495"
"959096590647676934","369644495"
"1086117005516857344","369644495"
"1068833640942055425","369644495"
"1081612425928028160","369644495"
"1082752419732340738","369644495"
"955038881543487488","369644495"
"1070288626901286912","369644495"
"1077393122303401985","369644495"
"2693229242","369644495"
"1069665390492614657","369644495"
"767025894770769920","369644495"
"1599866911","369644495"
"1057914760765865985","369644495"
"4553450534","369644495"
"480832200","369644495"
"143779865","369644495"
"988794711648370688","369644495"
"1050043083088375810","369644495"
"1030942599815806981","369644495"
"955328405683220480","369644495"
"774222816136888320","369644495"
"1017297400099205120","369644495"
"3335226400","369644495"
"47707624","369644495"
"1001405324442718209","369644495"
"1000501323652091907","369644495"
"986124974506364928","369644495"
"930252578260242432","369644495"
"862151256789463040","369644495"
"978591347090305027","369644495"
"822227596641521664","369644495"
"881781188448460800","369644495"
"2923418397","369644495"
"976595281767731200","369644495"
"1035012426","369644495"
"951546255745978369","369644495"
"2633943858","369644495"
"940893219931516928","369644495"
"971616123119722496","369644495"
"967451101439111169","369644495"
"2779895527","369644495"
"245165103","117134352"
"186552155","245165103"
"1220818430078717952","117134352"
"1709516838","1220818430078717952"
"21836273","117134352"
"67197734","21836273"
"1107913574385508352","21836273"
"714442038637256706","21836273"
"943491751897194501","21836273"
"3323256586","21836273"
"75514159","21836273"
"1114718588","21836273"
"3246459377","21836273"
"3062579097","21836273"
"1944758748","21836273"
"48809907","21836273"
"17906793","21836273"
"49438467","21836273"
"61435939","21836273"
"10074902","21836273"
"514699472","21836273"
"963055597","21836273"
"622602130","21836273"
"811820034","21836273"
"40856687","21836273"
"105556009","21836273"
"103982828","21836273"
"80613486","21836273"
"17689891","21836273"
"88231787","21836273"
"27553135","21836273"
"60173160","21836273"
"41369402","21836273"
"68738766","21836273"
"74654181","21836273"
"66754923","21836273"
"36804623","21836273"
"61703662","21836273"
"61222924","21836273"
"59770706","21836273"
"59436968","21836273"
"38846037","21836273"
"58397887","21836273"
"58312862","21836273"
"51129591","21836273"
"17259454","21836273"
"56045112","21836273"
"51060875","21836273"
"24469518","21836273"
"18153843","21836273"
"182876466","117134352"
"1223892921038069760","182876466"
"1433975922","182876466"
"1170685668730818561","182876466"
"1153471266675929088","182876466"
"1139011677742096385","182876466"
"309817518","182876466"
"1113073436908228609","182876466"
"2372907870","182876466"
"1633692781","182876466"
"980955767716089856","182876466"
"3949385295","182876466"
"837729246294355968","182876466"
"874812151881486336","182876466"
"847129244346003456","182876466"
"849053468774027264","182876466"
"160783865","182876466"
"840322610688872448","182876466"
"1730155789","182876466"
"830129171066130433","182876466"
"804253387923587072","182876466"
"819295373176999936","182876466"
"819045570618806272","182876466"
"1051484905","182876466"
"73986605","182876466"
"4555987670","182876466"
"773238284801675264","182876466"
"768626246938988544","182876466"
"769908642476855296","182876466"
"104858448","182876466"
"106824421","182876466"
"2463883418","182876466"
"708416183989456897","182876466"
"49098222","182876466"
"19623757","182876466"
"601529036","182876466"
"4817376258","182876466"
"3829650013","182876466"
"4729018218","182876466"
"4432837693","182876466"
"3317950190","182876466"
"4313178974","182876466"
"2297619372","182876466"
"4093094067","182876466"
"1429365950","182876466"
"3678242298","182876466"
"3609408685","182876466"
"3355743672","182876466"
"158614527","182876466"
"3331929374","182876466"
"266591144","182876466"
"2772262062","182876466"
"75868584","182876466"
"3309313400","182876466"
"143338566","182876466"
"850340784","182876466"
"3269186640","182876466"
"537635302","182876466"
"3248240899","182876466"
"178986051","182876466"
"314309253","182876466"
"504489206","182876466"
"193170371","182876466"
"562352518","182876466"
"255743087","182876466"
"41968586","182876466"
"201021975","182876466"
"3119363558","182876466"
"3157939257","182876466"
"3099999681","182876466"
"310492645","182876466"
"2373510550","182876466"
"615307798","182876466"
"2972251241","182876466"
"3044963318","182876466"
"720972295","182876466"
"202248579","182876466"
"2855221033","182876466"
"386740972","182876466"
"2837878553","182876466"
"2935686599","182876466"
"2967876187","182876466"
"845579443","182876466"
"794153539","182876466"
"2725342129","182876466"
"392483324","182876466"
"2882464345","182876466"
"489600849","182876466"
"1199190607","182876466"
"2558407556","182876466"
"453350098","182876466"
"2799284254","182876466"
"482441972","182876466"
"42478781","182876466"
"2511506240","182876466"
"2691547862","182876466"
"611419730","182876466"
"263574317","182876466"
"451287360","182876466"
"136323857","182876466"
"2550695616","182876466"
"893213563636076544","117134352"
"24586446","893213563636076544"
"1210078877634179072","893213563636076544"
"983143964193837057","893213563636076544"
"32887544","893213563636076544"
"430232626","893213563636076544"
"326821551","893213563636076544"
"1228617512692011010","893213563636076544"
"3004298239","893213563636076544"
"4134490034","893213563636076544"
"2216997900","893213563636076544"
"2888145461","893213563636076544"
"1131610694619676678","893213563636076544"
"945375485940420609","893213563636076544"
"1047025169557016576","893213563636076544"
"148292205","893213563636076544"
"164432041","893213563636076544"
"570748054","893213563636076544"
"701001401837563904","893213563636076544"
"999080981536657409","893213563636076544"
"3848175387","893213563636076544"
"434235433","893213563636076544"
"1057312836781830144","893213563636076544"
"953636090","893213563636076544"
"700332800","893213563636076544"
"3234285108","893213563636076544"
"373865300","893213563636076544"
"1171910860589195264","893213563636076544"
"1152665380151861248","893213563636076544"
"767620769874456576","893213563636076544"
"742570743993499648","893213563636076544"
"1115490566568062976","893213563636076544"
"1019166556973162496","893213563636076544"
"879284522692468736","893213563636076544"
"306587741","893213563636076544"
"138819914","893213563636076544"
"1381142078","893213563636076544"
"299537684","893213563636076544"
"985909712041529344","893213563636076544"
"2304040889","893213563636076544"
"569321808","893213563636076544"
"1077648475708248064","893213563636076544"
"2822315660","893213563636076544"
"2215877222","893213563636076544"
"169000068","893213563636076544"
"844877294896328708","893213563636076544"
"928677803062677504","893213563636076544"
"361316642","893213563636076544"
"1564918045","893213563636076544"
"2684389098","893213563636076544"
"43502759","893213563636076544"
"728904342","893213563636076544"
"2998671349","893213563636076544"
"242039815","893213563636076544"
"874288146275586054","893213563636076544"
"12594872","893213563636076544"
"222366266","893213563636076544"
"1193354718","893213563636076544"
"1068942391300767745","117134352"
"1237554569489657856","1068942391300767745"
"1207292904407994379","1068942391300767745"
"1131237045555220480","1068942391300767745"
"1224256981","1068942391300767745"
"1086219759304171520","1068942391300767745"
"1086095107194056715","1068942391300767745"
"15446520","1068942391300767745"
"1025299909","117134352"
"1703156071","1025299909"
"515478153","1025299909"
"1539895771","1025299909"
"156823677","1025299909"
"1218045969507520512","1025299909"
"425241981","1025299909"
"1231637711771054083","1025299909"
"2729985749","1025299909"
"2717596045","1025299909"
"756501383277342720","1025299909"
"298203594","1025299909"
"1226424082364870656","1025299909"
"1181062465687212033","1025299909"
"266947054","1025299909"
"1171200612127707136","1025299909"
"931647719667654657","1025299909"
"457957311","1025299909"
"788346140987195392","1025299909"
"15199818","1025299909"
"725328117045301248","1025299909"
"770090936","1025299909"
"1858387315","1025299909"
"1603802046","1025299909"
"229675284","1025299909"
"1173731270624309248","1025299909"
"583890147","1025299909"
"1177589739685318660","1025299909"
"1155192908624072704","1025299909"
"794534774404685824","1025299909"
"247827793","1025299909"
"1139302603483955203","1025299909"
"31486773","1025299909"
"14637094","1025299909"
"1128999295447982080","1025299909"
"19076619","1025299909"
"103686352","1025299909"
"1102348373212966913","1025299909"
"1065278729184862209","1025299909"
"2569527204","1025299909"
"821158422158700545","1025299909"
"858788101665288194","1025299909"
"1607217042","1025299909"
"1085549901319151616","1025299909"
"564000560","1025299909"
"1074382283082264577","1025299909"
"125010010","1025299909"
"88427808","1025299909"
"853233112385499136","1025299909"
"1067186977550807041","1025299909"
"1066527689782304768","1025299909"
"1733223890","1025299909"
"904656055434661892","1025299909"
"1065695090067349504","1025299909"
"1051904805415899136","1025299909"
"1037513118014828544","1025299909"
"1054247053113516032","1025299909"
"1033557109936463872","1025299909"
"452601207","1025299909"
"1032735312408137733","1025299909"
"1028521700453806080","1025299909"
"15693782","1025299909"
"973324079582400514","1025299909"
"1365670718","1025299909"
"823583932142612480","1025299909"
"825086742613078016","1025299909"
"1015763087503306752","1025299909"
"317760255","1025299909"
"138807691","1025299909"
"474027370","1025299909"
"27107179","1025299909"
"271448947","1025299909"
"892500552646619142","1025299909"
"3630298766","1025299909"
"285817277","1025299909"
"813721291190599681","1025299909"
"711655707779567616","1025299909"
"947022060","1025299909"
"58482653","1025299909"
"3039785417","1025299909"
"106592087","1025299909"
"889332085336494081","1025299909"
"941475211660222464","1025299909"
"375896134","1025299909"
"1006554559429337088","1025299909"
"3050196316","1025299909"
"903304880386953216","1025299909"
"879686673776431104","1025299909"
"1024870550","1025299909"
"923415396","1025299909"
"12896772","1025299909"
"548742486","1025299909"
"909217515569602560","1025299909"
"922418335","1025299909"
"19203235","1025299909"
"1524345770","1025299909"
"34809486","1025299909"
"962711016","1025299909"
"32618134","1025299909"
"248537549","1025299909"
"896744287","1025299909"
"49760671","117134352"
"386938684","49760671"
"916460267772489730","49760671"
"2347868114","49760671"
"1227716312895565829","49760671"
"2298492072","49760671"
"2920011915","49760671"
"1104743065313558534","49760671"
"812086639178694660","49760671"
"1224496317822574593","49760671"
"51974067","49760671"
"155715687","49760671"
"16380172","49760671"
"96378701","49760671"
"284007433","49760671"
"1206358599863357445","49760671"
"1016713832281137153","49760671"
"789703525","49760671"
"864509101174345730","49760671"
"1103912172","49760671"
"601126939","49760671"
"573356647","49760671"
"16304067","49760671"
"1551250026","49760671"
"580083705","49760671"
"1221521351619633152","49760671"
"41330718","49760671"
"2542403440","49760671"
"467655057","49760671"
"542616062","49760671"
"140894905","49760671"
"32261606","49760671"
"933503606","49760671"
"613622124","49760671"
"3972036494","49760671"
"961837271254155265","49760671"
"1016175894","49760671"
"15752695","49760671"
"1203800259404668935","49760671"
"891133086813085696","49760671"
"915689972556029952","49760671"
"2243816494","49760671"
"1193009381492842496","49760671"
"2342210033","49760671"
"896534947","49760671"
"2740020731","49760671"
"18609593","49760671"
"1193194557774499840","49760671"
"349595611","49760671"
"15023095","49760671"
"147076951","49760671"
"1188176569132572679","49760671"
"946447041005215744","49760671"
"1124749449631289344","49760671"
"353131379","49760671"
"100864519","49760671"
"607553561","49760671"
"482233264","49760671"
"37721424","49760671"
"1169549809134559233","49760671"
"57758763","49760671"
"716585036959588352","49760671"
"1156264360613859328","49760671"
"963647279088521217","49760671"
"1275833738","49760671"
"2368047932","49760671"
"2918103446","49760671"
"885273236757508097","49760671"
"453628706","49760671"
"1122345184413532167","49760671"
"1095847087336538112","49760671"
"317221461","49760671"
"24354046","49760671"
"43801334","49760671"
"36144923","49760671"
"3021713688","49760671"
"30439198","49760671"
"256006513","49760671"
"1532847330","49760671"
"15990207","49760671"
"768435228708900864","49760671"
"2874618689","49760671"
"1146260512449138691","49760671"
"8533632","49760671"
"123005379","49760671"
"55720601","49760671"
"2811144641","49760671"
"860841109924216832","49760671"
"1423470936","49760671"
"841047512630861825","49760671"
"170244212","49760671"
"1106290701275459586","49760671"
"738165135018065920","49760671"
"765388115733250048","49760671"
"708339633579540480","49760671"
"985315322499608576","49760671"
"2846245426","49760671"
"506634075","49760671"
"1121212018487377920","49760671"
"2529065754","49760671"
"75410848","49760671"
"1242144658114912262","117134352"
"1241455319705948162","1242144658114912262"
"1241422971123707911","1242144658114912262"
"1241113284968886277","1242144658114912262"
"1241418523039145987","1242144658114912262"
"727059674","117134352"
"186552155","727059674"
"846704644508336128","117134352"
"3321544523","846704644508336128"
"1938963494","846704644508336128"
"1244810084083027973","846704644508336128"
"1129340707427233793","846704644508336128"
"35428130","846704644508336128"
"3161769125","846704644508336128"
"3366178187","846704644508336128"
"3294189938","846704644508336128"
"471235957","846704644508336128"
"36037477","846704644508336128"
"1242812584967000064","846704644508336128"
"3143990494","846704644508336128"
"923954955278540801","846704644508336128"
"1162607215519371265","846704644508336128"
"1173218896263995394","846704644508336128"
"778762980","846704644508336128"
"1120092604144726016","846704644508336128"
"710245078451802112","846704644508336128"
"988149399145648130","846704644508336128"
"1117939480076464128","846704644508336128"
"1089933295079645184","846704644508336128"
"791986078794276864","846704644508336128"
"29533458","846704644508336128"
"2163871057","846704644508336128"
"755935047069204480","846704644508336128"
"2420212888","846704644508336128"
"3864572248","846704644508336128"
"1977261344","846704644508336128"
"966705406402793474","846704644508336128"
"3393317133","846704644508336128"
"987046896752644098","846704644508336128"
"774361800804532224","846704644508336128"
"255273363","846704644508336128"
"24218239","846704644508336128"
"1681534502","846704644508336128"
"710206859697922049","846704644508336128"
"3221152677","846704644508336128"
"1013566193087721472","846704644508336128"
"740618415384211456","846704644508336128"
"1002006006463942656","846704644508336128"
"872906137716367360","846704644508336128"
"799780444195540992","846704644508336128"
"2975420093","846704644508336128"
"921367483524755456","846704644508336128"
"556399177","846704644508336128"
"281137180","846704644508336128"
"3025057339","846704644508336128"
"3043850460","846704644508336128"
"3798949276","846704644508336128"
"225085262","846704644508336128"
"983875151963021312","846704644508336128"
"821526234026930176","846704644508336128"
"3174693696","846704644508336128"
"910651741082877952","846704644508336128"
"3182809025","846704644508336128"
"961049965","846704644508336128"
"2706372738","846704644508336128"
"2903206817","846704644508336128"
"304751814","846704644508336128"
"4737028102","846704644508336128"
"870618638855929856","846704644508336128"
"4354826956","846704644508336128"
"932995584725864449","846704644508336128"
"742853237187825664","846704644508336128"
"773547097412997120","846704644508336128"
"927950838521368576","846704644508336128"
"19886474","846704644508336128"
"746789259223379968","846704644508336128"
"4749489856","846704644508336128"
"762659259217743873","846704644508336128"
"263168303","846704644508336128"
"503875923","846704644508336128"
"766670103513530369","846704644508336128"
"2858019328","846704644508336128"
"899812125522132998","846704644508336128"
"2586638792","846704644508336128"
"3289980358","846704644508336128"
"2620877107","846704644508336128"
"4448373598","846704644508336128"
"801249524","846704644508336128"
"570320275","846704644508336128"
"1954580064","846704644508336128"
"852018919","846704644508336128"
"3021656104","846704644508336128"
"2601261255","117134352"
"186552155","2601261255"
"808647992","117134352"
"147408059","808647992"
"1210133745833037825","808647992"
"969156654808928256","808647992"
"787756591424700416","808647992"
"824353310295597057","808647992"
"748832046076887040","808647992"
"223880008","808647992"
"114632457","808647992"
"17801505","808647992"
"3677963597","808647992"
"101085629","808647992"
"177240752","808647992"
"3957723863","808647992"
"3165640407","808647992"
"3092220597","808647992"
"21665671","808647992"
"721152641","808647992"
"16031688","808647992"
"29085908","808647992"
"1526479669","808647992"
"469887692","808647992"
"364490197","808647992"
"1240812397","808647992"
"588057918","808647992"
"259516003","808647992"
"810349722","808647992"
"506313276","117134352"
"950349544985907200","506313276"
"994719788","506313276"
"1244075750204092419","117134352"
"1105807458864455680","1244075750204092419"
"49796166","1244075750204092419"
"895290859154964481","1244075750204092419"
"16039495","1244075750204092419"
"3090343920","1244075750204092419"
"876847682064719875","1244075750204092419"
"765194788064731136","1244075750204092419"
"3232554335","117134352"
"3039083899","3232554335"
"1068864094395162625","3232554335"
"1064353659931095041","3232554335"
"1034498311519133696","3232554335"
"83547899","3232554335"
"805761217","3232554335"
"797599647221108736","3232554335"
"828156197857533953","3232554335"
"2372647491","3232554335"
"806479038285873154","3232554335"
"781394950495752192","3232554335"
"3847359515","3232554335"
"1578135961","3232554335"
"867212682","3232554335"
"1462721810","3232554335"
"453573580","3232554335"
"2414610811","3232554335"
"2555271607","3232554335"
"842939677","3232554335"
"738648805","3232554335"
"1238257097567023106","117134352"
"186552155","1238257097567023106"
"1170292552249085952","117134352"
"71186814","1170292552249085952"
"571288619","1170292552249085952"
"31125768","117134352"
"246428427","31125768"
"1194986128568397831","31125768"
"991272892028637184","31125768"
"1962862206","31125768"
"16565419","31125768"
"2714613684","31125768"
"14948202","31125768"
"401524534","31125768"
"1686566527","31125768"
"1204719024841674757","31125768"
"1213791937024544769","31125768"
"1205564615041662977","31125768"
"891255403","31125768"
"39530187","31125768"
"369002025","31125768"
"1077832069","31125768"
"87967894","31125768"
"3718697241","31125768"
"1046708994880880640","31125768"
"299381686","31125768"
"17059095","31125768"
"205389035","31125768"
"1143359165286539269","31125768"
"36014282","31125768"
"1516864836","31125768"
"1967431100","31125768"
"398468415","31125768"
"76696176","31125768"
"459114540","31125768"
"25925451","31125768"
"1136329031895457792","31125768"
"990954935914254338","31125768"
"22145959","31125768"
"140961316","31125768"
"1136324568275214336","31125768"
"81263482","31125768"
"111080705","31125768"
"1102584993140875264","31125768"
"68770833","31125768"
"962529040371417089","31125768"
"2627051235","31125768"
"18732606","31125768"
"20913203","31125768"
"590485948","31125768"
"165227041","31125768"
"768412538241445888","31125768"
"734104126561259520","31125768"
"16412891","31125768"
"434339313","31125768"
"141434660","31125768"
"1596644077","31125768"
"3290878705","31125768"
"302321074","31125768"
"3385553633","31125768"
"268784459","31125768"
"28148816","31125768"
"901494608089296897","31125768"
"772206880944971776","31125768"
"254086586","31125768"
"14232218","31125768"
"129836690","31125768"
"209946729","31125768"
"1060023722516664321","31125768"
"2639401848","31125768"
"18492461","31125768"
"844629387454693376","31125768"
"4294745001","31125768"
"476403498","31125768"
"1069302271769485312","31125768"
"83236086","31125768"
"293728351","31125768"
"814151141391036416","31125768"
"847943372744650752","31125768"
"28349663","31125768"
"20484886","31125768"
"905121812945801216","31125768"
"3713491","31125768"
"848326236808019969","31125768"
"23356741","31125768"
"27866269","31125768"
"790237058371641345","31125768"
"3832411160","31125768"
"51613556","31125768"
"58773116","31125768"
"364740516","31125768"
"760931454809497600","31125768"
"1038107559817830400","31125768"
"1039245101824978946","31125768"
"195519192","31125768"
"123629180","31125768"
"104945087","31125768"
"594950334","31125768"
"505808599","31125768"
"1435734949","31125768"
"841910318","31125768"
"121866513","31125768"
"15944888","31125768"
"44626996","31125768"
"65941114","31125768"
"2786282417","31125768"
"734820739086311424","117134352"
"186552155","734820739086311424"
"784417668812181504","117134352"
"1099696472193417216","784417668812181504"
"1088288579942518784","784417668812181504"
"1045910536012140544","784417668812181504"
"1006033539442380801","784417668812181504"
"947579252240732160","784417668812181504"
"910106505621463040","784417668812181504"
"820471331619737602","784417668812181504"
"1236673364716138497","117134352"
"1242964804001660929","1236673364716138497"
"1238168827436859394","1236673364716138497"
"3373115285","1236673364716138497"
"3312695310","1236673364716138497"
"4190475825","1236673364716138497"
"85124669","1236673364716138497"
"1246783889697386498","1236673364716138497"
"1227357980967960577","1236673364716138497"
"715293940874940416","1236673364716138497"
"779333681689292800","1236673364716138497"
"190874675","1236673364716138497"
"1246352431669301249","1236673364716138497"
"1096536171834793984","1236673364716138497"
"1301799428","1236673364716138497"
"1172082553521659910","1236673364716138497"
"1061001964283195393","1236673364716138497"
"316356854","1236673364716138497"
"1215077098018299905","1236673364716138497"
"1245810796376076289","1236673364716138497"
"1241698348538769409","1236673364716138497"
"880597356638613505","1236673364716138497"
"1245873305078374400","1236673364716138497"
"716774353828839424","1236673364716138497"
"912795871259058176","1236673364716138497"
"2316250188","1236673364716138497"
"3575546718","1236673364716138497"
"1705720974","1236673364716138497"
"1243642324560855040","1236673364716138497"
"368871785","1236673364716138497"
"950339972007153664","1236673364716138497"
"1241522486690435072","1236673364716138497"
"1245044550860771328","1236673364716138497"
"1241351430557978625","1236673364716138497"
"1244778169892245510","1236673364716138497"
"1229107527314550785","1236673364716138497"
"1186614359562297345","1236673364716138497"
"1237060865934766080","1236673364716138497"
"1224904879061307392","1236673364716138497"
"1231767610259193856","1236673364716138497"
"3527592023","1236673364716138497"
"1241514428438364160","1236673364716138497"
"1241133407435984897","1236673364716138497"
"3951497895","117134352"
"186552155","3951497895"
"2369524852","117134352"
"186552155","2369524852"
"1245403440538361856","117134352"
"957700600468267008","1245403440538361856"
"1196860115330179072","1245403440538361856"
"557169336","1245403440538361856"
"8227462","1245403440538361856"
"204142698","1245403440538361856"
"1243997511163019265","1245403440538361856"
"38184482","1245403440538361856"
"1105807458864455680","1245403440538361856"
"22018221","1245403440538361856"
"67720549","1245403440538361856"
"902014236360093700","1245403440538361856"
"3152461779","1245403440538361856"
"899950646","1245403440538361856"
"123531771","1245403440538361856"
"105722749","1245403440538361856"
"491707082","1245403440538361856"
"1849894242","1245403440538361856"
"3042567255","1245403440538361856"
"84246722","1245403440538361856"
"3642625575","1245403440538361856"
"1140980103419031555","1245403440538361856"
"754767759502815232","1245403440538361856"
"1158532421941264385","1245403440538361856"
"1245336921695543302","1245403440538361856"
"1166121456113201153","1245403440538361856"
"765367346940772352","1245403440538361856"
"20332996","1245403440538361856"
"2422012555","1245403440538361856"
"3235919127","1245403440538361856"
"1245383571801542658","1245403440538361856"
"818521993","1245403440538361856"
"783817190638096384","1245403440538361856"
"788504752942219265","1245403440538361856"
"4365551057","1245403440538361856"
"899049374","1245403440538361856"
"513748232","1245403440538361856"
"983725100045357056","1245403440538361856"
"145253403","1245403440538361856"
"1034435755458940930","1245403440538361856"
"1163549773074501632","1245403440538361856"
"1242631272209551367","1245403440538361856"
"893570955745910784","1245403440538361856"
"263839547","1245403440538361856"
"136664630","117134352"
"1246054202536792065","136664630"
"178402859","136664630"
"1215702561191354374","136664630"
"1084422519921299456","136664630"
"1211343135885774848","136664630"
"1146093321066024961","136664630"
"281892256","136664630"
"1120834559405379590","136664630"
"921190228915904512","136664630"
"956204788454121472","136664630"
"951251182806355973","136664630"
"296893813","136664630"
"1132024183","136664630"
"1154432954","136664630"
"3228903192","136664630"
"805701099151822848","136664630"
"816201712046223360","136664630"
"816123104263098368","136664630"
"17117719","136664630"
"715528218313404416","136664630"
"126015425","136664630"
"246254997","136664630"
"343439114","136664630"
"26974585","136664630"
"27261683","136664630"
"4851660003","136664630"
"2423402003","136664630"
"1334067278","136664630"
"3033196192","136664630"
"1673490948","136664630"
"309747810","136664630"
"2924455458","136664630"
"2899557298","136664630"
"92446458","136664630"
"30392179","136664630"
"1380642950","136664630"
"274262426","136664630"
"282767140","136664630"
"2718352421","136664630"
"716399153","136664630"
"22952915","136664630"
"2391348986","136664630"
"603155115","136664630"
"365463332","136664630"
"1857731581","136664630"
"485863066","136664630"
"332547091","136664630"
"228812572","136664630"
"1416744044","136664630"
"1064054826","136664630"
"358311194","136664630"
"86189332","136664630"
"576168071","136664630"
"439594105","136664630"
"136662103","136664630"
"135931126","136664630"
"738215046908514308","117134352"
"186552155","738215046908514308"
"521507353","117134352"
"1110228273848614913","521507353"
"1041231087375081472","521507353"
"538641517","521507353"
"90570778","521507353"
"343157640","521507353"
"534831976","521507353"
"819933864244154369","521507353"
"391469589","521507353"
"28448476","521507353"
"798276440005509120","521507353"
"794902272279007233","521507353"
"704389668251414528","521507353"
"3038133195","521507353"
"4112883628","521507353"
"111179190","521507353"
"4847443909","521507353"
"4441461317","521507353"
"75950278","521507353"
"2272110939","521507353"
"70462362","521507353"
"52550306","521507353"
"90967441","521507353"
"3094751904","521507353"
"3035382922","521507353"
"484004466","521507353"
"22150312","521507353"
"325250548","521507353"
"524864528","521507353"
"2727010989","521507353"
"46146746","521507353"
"24795856","521507353"
"2457013591","521507353"
"159490465","521507353"
"2282297869","521507353"
"2292883800","521507353"
"209076419","521507353"
"987656977","521507353"
"2255319599","521507353"
"458876782","521507353"
"708837413","521507353"
"190712245","521507353"
"557965554","521507353"
"957638185","521507353"
"34167230","521507353"
"1330863134","521507353"
"261443701","521507353"
"30215025","521507353"
"248898176","521507353"
"406039704","521507353"
"1104628662","521507353"
"14848605","521507353"
"545636676","521507353"
"798884577485922304","117134352"
"1153870041215119361","798884577485922304"
"15519565","798884577485922304"
"1055818423199023106","798884577485922304"
"998938584253173760","798884577485922304"
"19825385","798884577485922304"
"1048046097657036800","798884577485922304"
"53507240","798884577485922304"
"3320940787","798884577485922304"
"188477376","798884577485922304"
"425506579","798884577485922304"
"862059374906408960","798884577485922304"
"1345840813","798884577485922304"
"1323321667","798884577485922304"
"702297433901047808","798884577485922304"
"973240380593524737","117134352"
"939705620927860736","973240380593524737"
"178542597","973240380593524737"
"119599210","973240380593524737"
"1034970317675016194","973240380593524737"
"14116100","973240380593524737"
"1275948522","973240380593524737"
"403510959","973240380593524737"
"220836822","973240380593524737"
"516073906","973240380593524737"
"77270215","973240380593524737"
"1135146779480141825","973240380593524737"
"1126224163948191745","973240380593524737"
"190517342","973240380593524737"
"4847155583","973240380593524737"
"1108354882640244738","973240380593524737"
"1108417095715508225","973240380593524737"
"1108369985083191297","973240380593524737"
"1108369650151247873","973240380593524737"
"1094206901968162816","973240380593524737"
"1088468052730150913","973240380593524737"
"496353548","973240380593524737"
"17941804","973240380593524737"
"1068755689722413056","973240380593524737"
"35872035","973240380593524737"
"34398925","973240380593524737"
"827355174339485696","973240380593524737"
"990403443218149376","973240380593524737"
"47823890","973240380593524737"
"39067400","973240380593524737"
"15020599","117134352"
"46048965","15020599"
"2441466888","15020599"
"14920977","15020599"
"14658038","15020599"
"1230137821","15020599"
"166803208","15020599"
"1089873792","15020599"
"176056559","15020599"
"836976217","15020599"
"744255139","15020599"
"15745705","15020599"
"67496765","15020599"
"161599159","15020599"
"338438156","15020599"
"836632106","15020599"
"720268874","15020599"
"173755229","15020599"
"54354289","15020599"
"734916164","15020599"
"795927889","15020599"
"795786068","15020599"
"804755713","15020599"
"239255654","15020599"
"140567991","15020599"
"108499862","15020599"
"81132975","15020599"
"48248230","15020599"
"73804515","15020599"
"36856716","15020599"
"34172482","15020599"
"31469464","15020599"
"30524516","15020599"
"14886375","15020599"
"15504483","15020599"
"21216357","15020599"
"15428246","15020599"
"16056759","15020599"
"15221115","15020599"
"178499295","117134352"
"1247177084872593410","178499295"
"1243570278128640001","178499295"
"852850319335845888","178499295"
"1196881295915151360","178499295"
"37242009","178499295"
"1118676029978087424","178499295"
"1235087519319904256","178499295"
"2784121358","178499295"
"964250036413480960","178499295"
"3369110187","178499295"
"1212992609125195777","178499295"
"1196853289268207616","178499295"
"1203172392622870528","178499295"
"1139964091521536000","178499295"
"1200692163560050688","178499295"
"1187824393470316544","178499295"
"1183531318929477633","178499295"
"1174625758343512065","178499295"
"1180933963046703104","178499295"
"1115855342011858944","178499295"
"1097824721196994561","178499295"
"1171043631819644933","178499295"
"1172993803252375552","178499295"
"1051192250636464128","178499295"
"1098275708458205184","178499295"
"1109128245901824000","178499295"
"1095308985136234496","178499295"
"804141981907697668","178499295"
"163582516","178499295"
"1071816285221203968","178499295"
"1066992046118887424","178499295"
"986184702775189504","178499295"
"2739466710","178499295"
"629787495","178499295"
"41786801","178499295"
"1042667591456550912","178499295"
"44311416","178499295"
"14819290","178499295"
"972234593083338753","178499295"
"999686165656727552","178499295"
"998531094042427393","178499295"
"999112503492857857","178499295"
"780374408561061888","178499295"
"869199002964832256","178499295"
"968195407124733952","178499295"
"17266615","178499295"
"2881664544","178499295"
"2931226371","178499295"
"963026334392885248","178499295"
"821641460567212033","178499295"
"937289088767578112","178499295"
"819249551064367114","178499295"
"929899769983524864","178499295"
"864566778260852736","178499295"
"855476523490529280","178499295"
"91626592","178499295"
"3250616616","178499295"
"2916856511","178499295"
"792675750059139072","178499295"
"2535973324","178499295"
"116921743","178499295"
"910285136155090945","178499295"
"1150526984","178499295"
"800558957525798912","178499295"
"701413066345414656","178499295"
"252880882","178499295"
"2380139274","178499295"
"230365780","178499295"
"880671777680175105","178499295"
"865032649848401922","178499295"
"861269855239942144","178499295"
"858498573222244353","178499295"
"3247807260","178499295"
"152310462","178499295"
"1868948095","178499295"
"2162487745","178499295"
"833310716476141568","178499295"
"1906913898","178499295"
"845580203287969792","178499295"
"1326485336","178499295"
"810281986409385985","178499295"
"833312781025820674","178499295"
"832250112030146565","178499295"
"3940494143","178499295"
"1467028680","178499295"
"816467016559329280","178499295"
"91708490","178499295"
"4905374991","178499295"
"794025912924774401","178499295"
"813018290721320961","178499295"
"2522728687","178499295"
"43922668","178499295"
"807510255034716160","178499295"
"2322653132","178499295"
"809248491696517121","178499295"
"3949670534","178499295"
"432029072","178499295"
"782246443612418049","178499295"
"3183410540","178499295"
"802986306548678657","178499295"
"17451224","117134352"
"1225935367024660480","17451224"
"72918140","17451224"
"47367246","17451224"
"164651278","17451224"
"42779198","17451224"
"2408778051","117134352"
"186552155","2408778051"
"1045687129328816129","117134352"
"1221935468088000514","1045687129328816129"
"749993198","1045687129328816129"
"1194892748417126401","1045687129328816129"
"2600142648","1045687129328816129"
"2810507289","1045687129328816129"
"40108388","1045687129328816129"
"30808108","1045687129328816129"
"831918013070843906","1045687129328816129"
"585127932","1045687129328816129"
"1245266785542209536","1045687129328816129"
"1043549613528162309","1045687129328816129"
"2764332770","1045687129328816129"
"1232070704","1045687129328816129"
"132000819","1045687129328816129"
"877531162951942144","1045687129328816129"
"2814583163","1045687129328816129"
"1139880194775429122","1045687129328816129"
"888960680254111745","1045687129328816129"
"2505000545","1045687129328816129"
"784184250203459584","1045687129328816129"
"2927138208","1045687129328816129"
"922491972853620742","1045687129328816129"
"1491319417","1045687129328816129"
"2571975968","1045687129328816129"
"2236476103","1045687129328816129"
"3460349837","1045687129328816129"
"1055422217822056448","1045687129328816129"
"1031951732560093184","1045687129328816129"
"340085532","1045687129328816129"
"375190400","1045687129328816129"
"714645721","1045687129328816129"
"1013043299492474880","1045687129328816129"
"2296181252","1045687129328816129"
"1044942001844736000","1045687129328816129"
"916400708995260419","1045687129328816129"
"914257032257163264","1045687129328816129"
"2846693969","1045687129328816129"
"4105273095","1045687129328816129"
"1073595450689765376","1045687129328816129"
"961995643291078657","1045687129328816129"
"975017247461838848","1045687129328816129"
"31281673","1045687129328816129"
"1069330253833691136","1045687129328816129"
"981391620141715456","1045687129328816129"
"4301838317","1045687129328816129"
"845282359029194754","1045687129328816129"
"1048498852188368896","1045687129328816129"
"32822369","117134352"
"16529873","32822369"
"1145054548354056194","32822369"
"1105790626170392576","32822369"
"2380762339","32822369"
"885768878","32822369"
"82407333","32822369"
"65287345","32822369"
"41176866","32822369"
"40759332","32822369"
